PhoneNumberID,PhoneNumberType,PersonID,PhoneNumber
1,Main,1.0,4069184342
2,Main,2.0,3058162657
3,Secondary,2.0,8896158301
4,Main,3.0,9418824477
5,Main,4.0,7131308356
6,Secondary,4.0,7482078457
7,Main,5.0,7047700966
8,Main,7.0,4799519895
9,Secondary,10.0,7136497140
10,Main,10.0,8704617392
11,Main,12.0,9803763209
12,Secondary,14.0,1981350141
13,Main,14.0,7008071283
14,Main,16.0,1778140544
15,Main,17.0,4653057323
16,Main,18.0,9512184357
17,Main,19.0,3302051032
18,Secondary,20.0,1924274710
19,Main,20.0,4077655533
20,Secondary,22.0,5093665357
21,Main,22.0,2541673743
22,Main,25.0,5763634216
23,Main,28.0,7135156449
24,Secondary,28.0,1483178709
25,Main,30.0,5132037053
26,Main,31.0,9139869160
27,Secondary,31.0,8088527766
28,Main,32.0,4833082046
29,Secondary,32.0,5312645126
30,Main,34.0,2583383705
31,Main,35.0,6163930756
32,Main,38.0,7348979125
33,Main,39.0,8151627885
34,Main,42.0,2606523306
35,Main,43.0,7575030912
36,Secondary,43.0,2032888396
37,Main,44.0,6161369820
38,Secondary,44.0,7998579398
39,Main,45.0,4153393028
40,Secondary,45.0,4189340661
41,Main,49.0,6235831989
42,Main,52.0,2567372319
43,Main,58.0,3179559196
44,Secondary,58.0,9871182465
45,Main,60.0,6692530833
46,Main,62.0,9789310402
47,Main,63.0,8373773139
48,Secondary,63.0,8165983584
49,Main,65.0,3309373780
50,Secondary,65.0,7888362654
51,Main,66.0,6148816202
52,Main,68.0,5452164857
53,Main,70.0,2409434577
54,Main,71.0,3372532752
55,Main,73.0,8573629467
56,Main,74.0,8162206166
57,Secondary,74.0,7022826761
58,Main,78.0,6076087854
59,Main,80.0,7007289542
60,Main,81.0,7865246431
61,Secondary,81.0,5303500019
62,Main,83.0,2697589110
63,Secondary,83.0,2138301892
64,Main,84.0,1652497839
65,Main,86.0,9524259504
66,Main,88.0,8141573518
67,Main,92.0,2022220579
68,Secondary,93.0,9152029946
69,Main,93.0,4088202229
70,Main,94.0,3055114800
71,Main,97.0,3309925943
72,Secondary,97.0,9921071970
73,Secondary,99.0,6388982040
74,Main,99.0,2631817568
75,Main,100.0,3183476673
76,Secondary,100.0,4598212477
77,Main,103.0,2155338404
78,Main,107.0,8185479877
79,Secondary,107.0,5007595605
80,Main,108.0,5015390628
81,Main,109.0,9037758980
82,Main,110.0,3363607575
83,Secondary,112.0,3099065218
84,Main,112.0,2059999465
85,Main,113.0,9182113811
86,Main,115.0,5202860661
87,Secondary,116.0,8556398625
88,Main,116.0,1025605180
89,Main,119.0,9651912695
90,Main,122.0,8754465587
91,Main,124.0,7165571644
92,Secondary,127.0,5028443167
93,Main,127.0,2066071598
94,Main,128.0,3099389463
95,Secondary,130.0,1982956637
96,Main,130.0,8332996861
97,Main,132.0,7137896407
98,Main,133.0,5306318439
99,Main,135.0,5414764816
100,Secondary,135.0,3205074370
101,Main,139.0,1757841805
102,Main,140.0,9167343349
103,Secondary,140.0,9023225634
104,Main,142.0,3008441777
105,Main,143.0,9076369232
106,Main,146.0,4476507745
107,Main,149.0,4787268304
108,Main,151.0,7738683088
109,Secondary,151.0,7135814337
110,Main,155.0,6974866738
111,Main,156.0,2963484976
112,Main,161.0,9785302359
113,Secondary,161.0,2387403263
114,Main,162.0,7435248528
115,Main,165.0,7035647855
116,Main,166.0,3054672494
117,Main,167.0,8502962320
118,Secondary,167.0,8439700174
119,Main,168.0,3866370354
120,Main,171.0,9515229061
121,Secondary,171.0,7652797535
122,Main,172.0,5616166675
123,Secondary,173.0,2128049185
124,Main,173.0,6067986337
125,Main,174.0,9003236427
126,Secondary,175.0,6173758841
127,Main,175.0,5073742127
128,Main,176.0,2135935185
129,Main,177.0,5092460884
130,Main,178.0,1039535308
131,Main,179.0,9798398653
132,Main,180.0,3326626467
133,Main,181.0,2519239719
134,Main,182.0,3144308067
135,Main,183.0,5115205139
136,Main,184.0,9167408372
137,Main,186.0,5695701550
138,Main,187.0,2177503427
139,Secondary,189.0,7189292794
140,Main,189.0,9136287900
141,Main,190.0,5112439544
142,Main,191.0,8317445628
143,Main,193.0,9901592574
144,Main,194.0,7071707144
145,Secondary,195.0,7751260233
146,Main,195.0,6221535895
147,Secondary,196.0,2817785881
148,Main,196.0,1498707393
149,Main,198.0,3038843658
150,Secondary,200.0,1833627687
151,Main,200.0,7386280132
152,Main,203.0,3147418256
153,Main,204.0,9508946698
154,Secondary,206.0,2141841161
155,Main,206.0,8156964483
156,Secondary,207.0,3127159197
157,Main,207.0,8179574542
158,Main,208.0,1664285832
159,Secondary,209.0,3036226347
160,Main,209.0,4988771431
161,Main,211.0,9156856304
162,Main,213.0,7272139664
163,Secondary,213.0,9833137133
164,Main,215.0,5254602676
165,Main,219.0,3491666645
166,Main,222.0,7019621016
167,Main,223.0,6229497725
168,Secondary,223.0,2961684349
169,Main,224.0,3129322868
170,Main,225.0,9072961519
171,Secondary,225.0,5098735354
172,Secondary,226.0,8163132022
173,Main,226.0,6162282748
174,Main,227.0,7376731771
175,Main,232.0,8011837635
176,Secondary,235.0,6176299047
177,Main,235.0,6107684515
178,Main,237.0,8386272241
179,Main,238.0,1256769872
180,Main,240.0,6508660492
181,Secondary,242.0,6167557075
182,Main,242.0,9418001438
183,Secondary,243.0,4055268820
184,Main,243.0,8164236705
185,Main,244.0,8514391332
186,Main,246.0,9154393945
187,Main,247.0,1974534524
188,Main,250.0,3507694411
189,Main,251.0,5041180412
190,Main,252.0,8438686953
191,Main,254.0,2396414053
192,Secondary,256.0,5857244210
193,Main,256.0,2084733109
194,Secondary,258.0,7191688440
195,Main,258.0,9182493105
196,Main,259.0,7165120917
197,Main,260.0,4681143569
198,Secondary,261.0,2028575625
199,Main,261.0,3052612126
200,Main,262.0,8458252030
201,Main,265.0,7348742882
202,Secondary,267.0,4717120969
203,Main,267.0,5032701688
204,Secondary,268.0,2024382194
205,Main,268.0,1369095235
206,Main,272.0,5794351838
207,Secondary,275.0,5714706927
208,Main,275.0,6014763746
209,Main,276.0,6144017154
210,Secondary,278.0,9797279098
211,Main,278.0,5378854694
212,Main,279.0,3087741622
213,Secondary,279.0,9398841807
214,Main,284.0,2145782551
215,Secondary,284.0,9753962786
216,Main,285.0,5091301999
217,Secondary,285.0,2122586726
218,Main,287.0,8632249757
219,Secondary,287.0,6749975502
220,Main,288.0,5701877486
221,Main,289.0,2086129206
222,Main,290.0,6916305845
223,Secondary,293.0,3173487968
224,Main,293.0,5223310526
225,Main,295.0,9166990617
226,Main,298.0,8157222419
227,Main,299.0,8555320382
228,Main,306.0,9022505776
229,Secondary,308.0,7023895753
230,Main,308.0,7047075746
231,Secondary,310.0,8177222374
232,Main,310.0,9896770876
233,Main,312.0,2817078534
234,Main,313.0,2607321580
235,Secondary,313.0,4198303725
236,Main,314.0,9925391453
237,Main,317.0,3123262106
238,Main,318.0,1535855369
239,Secondary,318.0,5095776646
240,Main,324.0,6104854666
241,Secondary,324.0,3171525442
242,Main,325.0,7879769179
243,Main,326.0,4063733193
244,Main,327.0,1996667414
245,Main,328.0,1154657850
246,Main,329.0,7995966632
247,Main,330.0,4026637303
248,Secondary,330.0,6162431155
249,Main,331.0,3868057575
250,Secondary,331.0,6793581213
251,Main,332.0,8253209822
252,Main,333.0,3668038601
253,Main,335.0,3062445481
254,Main,339.0,7137330990
255,Secondary,339.0,8171034945
256,Main,341.0,5671712441
257,Main,344.0,7564656046
258,Main,345.0,2541137476
259,Main,346.0,6144315912
260,Secondary,346.0,9104284850
261,Main,347.0,7691921818
262,Main,350.0,3049801044
263,Main,354.0,8434125159
264,Main,355.0,6178100080
265,Main,356.0,2577266471
266,Main,357.0,3047875568
267,Secondary,357.0,1235007870
268,Secondary,360.0,5201897542
269,Main,360.0,8654605053
270,Main,361.0,7576643281
271,Main,363.0,2815441607
272,Main,364.0,8164666665
273,Secondary,365.0,5715438267
274,Main,365.0,8567902884
275,Secondary,366.0,5049878742
276,Main,366.0,6269823372
277,Main,368.0,3032324534
278,Main,369.0,3148998057
279,Main,370.0,2185871013
280,Main,371.0,8012339731
281,Main,375.0,9414914214
282,Main,376.0,2574028605
283,Main,380.0,7381858230
284,Main,381.0,7548231488
285,Secondary,382.0,2146249075
286,Main,382.0,9005196053
287,Main,384.0,8534115647
288,Secondary,390.0,5415331419
289,Main,390.0,9884131578
290,Main,391.0,1027749208
291,Main,392.0,7754257082
292,Main,395.0,5041756548
293,Main,396.0,3617530566
294,Main,397.0,5409982143
295,Main,400.0,7427623978
296,Main,402.0,8013301172
297,Main,403.0,4068626704
298,Main,404.0,7191975992
299,Secondary,404.0,2052575388
300,Main,405.0,2298482942
301,Secondary,405.0,7638169589
302,Main,406.0,3147476716
303,Secondary,407.0,7176938367
304,Main,407.0,5128877244
305,Main,409.0,2813372451
306,Secondary,411.0,3214635634
307,Main,411.0,2972778186
308,Main,415.0,1559087461
309,Main,416.0,8165400959
310,Main,417.0,5043208572
311,Main,418.0,4078616617
312,Main,419.0,8188242834
313,Secondary,419.0,7325021384
314,Main,420.0,6515373952
315,Main,421.0,3016237669
316,Main,422.0,6464051424
317,Main,424.0,8436251098
318,Secondary,424.0,6101119700
319,Main,425.0,8502841144
320,Main,427.0,5903402372
321,Main,428.0,8971971143
322,Secondary,428.0,8819798528
323,Main,429.0,7684736298
324,Main,430.0,9614468934
325,Main,431.0,9099421760
326,Main,432.0,6863012803
327,Secondary,432.0,9411331369
328,Main,433.0,7285729065
329,Main,436.0,8177159405
330,Main,439.0,7539367863
331,Secondary,439.0,4309399345
332,Main,440.0,2066131593
333,Secondary,440.0,2605723918
334,Main,441.0,8066430642
335,Secondary,441.0,7522650428
336,Main,444.0,2394988948
337,Secondary,444.0,3225926211
338,Main,445.0,3057927054
339,Secondary,446.0,7138534782
340,Main,446.0,9045469626
341,Main,447.0,9734402005
342,Main,451.0,8508038372
343,Main,452.0,4282222914
344,Main,454.0,2811823207
345,Secondary,455.0,7189802222
346,Main,455.0,7767040148
347,Main,456.0,3182566779
348,Main,458.0,2891068861
349,Main,460.0,8472954381
350,Main,461.0,6683160381
351,Main,463.0,4801835329
352,Secondary,463.0,9454410499
353,Main,468.0,8591275157
354,Main,469.0,6252376918
355,Main,470.0,5021311898
356,Main,473.0,3616993691
357,Secondary,473.0,9353381147
358,Main,474.0,9159990639
359,Main,475.0,9086221039
360,Main,476.0,6144922159
361,Main,477.0,7181082885
362,Main,478.0,2601909269
363,Main,479.0,8175814084
364,Main,480.0,4198064474
365,Main,481.0,8168250033
366,Main,482.0,8069230685
367,Main,483.0,4342776888
368,Main,485.0,9844548635
369,Main,487.0,2322281104
370,Secondary,487.0,2171019793
371,Main,489.0,8846607247
372,Main,490.0,2148424715
373,Main,495.0,3137396346
374,Secondary,496.0,8046045448
375,Main,496.0,4994829807
376,Secondary,498.0,5635364396
377,Main,498.0,4054300655
378,Main,499.0,8644376029
379,Main,500.0,7066773951
380,Secondary,500.0,5053975535
381,Main,501.0,2392194594
382,Main,502.0,7821946992
383,Secondary,502.0,1339137315
384,Main,503.0,3045272893
385,Main,504.0,3523108419
386,Main,506.0,6089337637
387,Main,507.0,2125124078
388,Secondary,507.0,5597227559
389,Main,508.0,3453970122
390,Secondary,508.0,7275788418
391,Main,509.0,8595231573
392,Main,514.0,8319052054
393,Main,515.0,8031650174
394,Secondary,515.0,7216213245
395,Main,517.0,8094641323
396,Main,520.0,7077246376
397,Secondary,520.0,7184800257
398,Main,521.0,7973065202
399,Main,522.0,3365001970
400,Secondary,522.0,4044419098
401,Main,527.0,8608216204
402,Secondary,527.0,5566074474
403,Main,528.0,7707004474
404,Secondary,528.0,4046205634
405,Secondary,529.0,2023048971
406,Main,529.0,1264303357
407,Main,530.0,7186717201
408,Secondary,532.0,4836576436
409,Main,532.0,5171088537
410,Main,533.0,5135541309
411,Secondary,537.0,6125546141
412,Main,537.0,8316524327
413,Main,541.0,2022221256
414,Main,543.0,4483642713
415,Main,544.0,3252056834
416,Main,546.0,3611899426
417,Main,547.0,7603024262
418,Main,550.0,8121262758
419,Main,551.0,2026552350
420,Secondary,551.0,6087498381
421,Main,552.0,6593154023
422,Secondary,554.0,2603597599
423,Main,554.0,6054255336
424,Secondary,555.0,2692269642
425,Main,555.0,5377302569
426,Main,558.0,3047561291
427,Secondary,559.0,6306661094
428,Main,559.0,7366225713
429,Secondary,560.0,7159422087
430,Main,560.0,9179685665
431,Secondary,561.0,9521917373
432,Main,561.0,1629179509
433,Secondary,565.0,2436351848
434,Main,565.0,4583663995
435,Secondary,566.0,3045841751
436,Main,566.0,7897045587
437,Main,568.0,9937598780
438,Main,569.0,4044157758
439,Secondary,570.0,6015752522
440,Main,570.0,5166247754
441,Main,572.0,5638259423
442,Main,574.0,5155727235
443,Main,575.0,5392039756
444,Main,576.0,9823424541
445,Secondary,577.0,8169894570
446,Main,577.0,7142432646
447,Main,578.0,9121769758
448,Secondary,578.0,6036264771
449,Secondary,579.0,7816849374
450,Main,579.0,3186160683
451,Main,580.0,3147882270
452,Main,584.0,9284064824
453,Secondary,585.0,8028081156
454,Main,585.0,4961947688
455,Main,586.0,4046265580
456,Secondary,586.0,7344967384
457,Main,587.0,7546737085
458,Main,589.0,9071290258
459,Main,591.0,2168632393
460,Secondary,591.0,7261667299
461,Main,592.0,8589485047
462,Main,597.0,4037023304
463,Main,598.0,2082831800
464,Main,599.0,9496019788
465,Secondary,599.0,6114821925
466,Main,601.0,8502161335
467,Secondary,601.0,4405590245
468,Main,602.0,5188339993
469,Secondary,602.0,5198819492
470,Main,605.0,6303835423
471,Main,606.0,5183874625
472,Secondary,606.0,2681728323
473,Main,608.0,9099583884
474,Secondary,611.0,7272146235
475,Main,611.0,6829008812
476,Main,614.0,2166184340
477,Secondary,616.0,6142136193
478,Main,616.0,2675618440
479,Main,617.0,7038486071
480,Main,619.0,4197762301
481,Main,620.0,6192135743
482,Main,621.0,8643384390
483,Main,622.0,2299783865
484,Main,623.0,8031781477
485,Main,624.0,5053194182
486,Main,628.0,3055364358
487,Secondary,628.0,4782416964
488,Main,629.0,9176869285
489,Main,631.0,7738597282
490,Main,632.0,8949054402
491,Secondary,634.0,2139644427
492,Main,634.0,8997969866
493,Secondary,636.0,6555346016
494,Main,636.0,1483351203
495,Main,637.0,3032734053
496,Secondary,638.0,6077775427
497,Main,638.0,6504307061
498,Main,640.0,6029576593
499,Main,641.0,7632585388
500,Secondary,641.0,4084701997
501,Main,642.0,6096438254
502,Secondary,642.0,8352937759
503,Main,643.0,4231979257
504,Main,644.0,1563991942
505,Main,645.0,3044390359
506,Main,646.0,5129224522
507,Secondary,646.0,5184065093
508,Main,647.0,4979886083
509,Main,649.0,2146854221
510,Secondary,649.0,8544300694
511,Main,651.0,1124593559
512,Main,653.0,7347584043
513,Main,657.0,5108443879
514,Main,658.0,8565591244
515,Main,659.0,7263951149
516,Main,661.0,1938882507
517,Main,663.0,3965994467
518,Main,664.0,9166985270
519,Main,665.0,5154339643
520,Main,666.0,9088520424
521,Secondary,666.0,5075173604
522,Secondary,668.0,9376898185
523,Main,668.0,7328574558
524,Main,671.0,1583265556
525,Secondary,673.0,3361511784
526,Main,673.0,4128300214
527,Main,674.0,8604156214
528,Main,675.0,6575621438
529,Main,676.0,5179564894
530,Secondary,676.0,7377262796
531,Main,677.0,8052327423
532,Secondary,677.0,3366537001
533,Secondary,679.0,4101997754
534,Main,679.0,7855513420
535,Main,682.0,3154273305
536,Secondary,685.0,7367449494
537,Main,685.0,9635989944
538,Main,691.0,9044559888
539,Main,693.0,6158109537
540,Main,696.0,9153694837
541,Secondary,697.0,6173488714
542,Main,697.0,9589129045
543,Main,701.0,4086216854
544,Main,702.0,2608201279
545,Main,704.0,6128024653
546,Main,706.0,7184173342
547,Main,707.0,5151446590
548,Secondary,707.0,6647949671
549,Main,710.0,2149798465
550,Main,711.0,9218049671
551,Main,713.0,3052495716
552,Main,714.0,9364078166
553,Secondary,714.0,9199510169
554,Main,718.0,2969380949
555,Main,721.0,4434661528
556,Main,725.0,4158581475
557,Secondary,725.0,2933753867
558,Main,727.0,6144763432
559,Secondary,727.0,7988217508
560,Main,728.0,7617021164
561,Main,731.0,5057918282
562,Main,733.0,3521256122
563,Secondary,733.0,8608220060
564,Main,735.0,7044636959
565,Main,736.0,4078895853
566,Secondary,737.0,7601208346
567,Main,737.0,6623453871
568,Secondary,739.0,7132049063
569,Main,739.0,2278491045
570,Main,741.0,9139018696
571,Main,742.0,6827661522
572,Main,743.0,5471124285
573,Main,745.0,2523669181
574,Secondary,746.0,4173465337
575,Main,746.0,7024775482
576,Main,749.0,5613558994
577,Secondary,749.0,5847445182
578,Main,751.0,3053025844
579,Main,755.0,3734381217
580,Main,758.0,3153008526
581,Main,759.0,5156299127
582,Secondary,759.0,6126721768
583,Main,763.0,6301474563
584,Main,764.0,8033295011
585,Main,765.0,2486330898
586,Secondary,765.0,2845067047
587,Main,769.0,8166404842
588,Main,771.0,5795240852
589,Secondary,773.0,8163009865
590,Main,773.0,7377255587
591,Main,774.0,8593084362
592,Main,775.0,4115438502
593,Main,776.0,2544422415
594,Main,781.0,7442334353
595,Main,782.0,4949249042
596,Main,790.0,2124227023
597,Main,793.0,2512445391
598,Main,794.0,3108585451
599,Secondary,795.0,2163261150
600,Main,795.0,9016841120
601,Main,797.0,9414235010
602,Main,798.0,2169763033
603,Main,800.0,8969324023
604,Secondary,801.0,7141752211
605,Main,801.0,7069868348
606,Main,802.0,6128534015
607,Main,804.0,2109255320
608,Secondary,804.0,7021465081
609,Main,805.0,3147114235
610,Main,806.0,6194462115
611,Main,811.0,6121554664
612,Secondary,811.0,7179071309
613,Secondary,813.0,3174172953
614,Main,813.0,3519109429
615,Secondary,814.0,5621380431
616,Main,814.0,3523482016
617,Main,815.0,4088354968
618,Secondary,816.0,9152081090
619,Main,816.0,2021452668
620,Main,817.0,2126541225
621,Main,818.0,5614737106
622,Secondary,818.0,2589870933
623,Secondary,822.0,4086449117
624,Main,822.0,6824409402
625,Main,825.0,9498203085
626,Main,830.0,6095905284
627,Secondary,830.0,5166185519
628,Main,832.0,3126383509
629,Main,837.0,2173129620
630,Main,839.0,4729402661
631,Main,840.0,5132120995
632,Main,841.0,4146263788
633,Main,842.0,2148935773
634,Secondary,845.0,2054197118
635,Main,845.0,4311688836
636,Main,847.0,8506025755
637,Secondary,847.0,6368239634
638,Main,848.0,1601062381
639,Main,849.0,4121633967
640,Main,851.0,3247851194
641,Main,853.0,2155047402
642,Main,856.0,5592860415
643,Main,857.0,2086022890
644,Main,858.0,4111110289
645,Main,859.0,4045002919
646,Main,860.0,5718572013
647,Main,861.0,2053057108
648,Secondary,861.0,6415143681
649,Main,864.0,4716861687
650,Main,867.0,4827813786
651,Main,872.0,6461601385
652,Main,873.0,5306822013
653,Main,874.0,2152440165
654,Secondary,874.0,5845862180
655,Main,876.0,9892979276
656,Secondary,876.0,5461521254
657,Main,878.0,9867329247
658,Main,879.0,3052269099
659,Secondary,879.0,5026212186
660,Secondary,882.0,4043782728
661,Main,882.0,7136251186
662,Main,884.0,5302978859
663,Secondary,886.0,5132778696
664,Main,886.0,2567679010
665,Main,887.0,3592237917
666,Main,888.0,7156230526
667,Main,889.0,5156916985
668,Main,890.0,8529495430
669,Main,891.0,9153715976
670,Main,892.0,5295518561
671,Main,893.0,2081341640
672,Main,895.0,8802098843
673,Main,900.0,4508742263
674,Main,902.0,5011101693
675,Main,903.0,5123970290
676,Main,905.0,7838979310
677,Secondary,909.0,4042632271
678,Main,909.0,7048149549
679,Main,910.0,7923018140
680,Secondary,911.0,5085524415
681,Main,911.0,7572841365
682,Main,914.0,8172792178
683,Main,916.0,5206806831
684,Main,919.0,6911382696
685,Secondary,919.0,7993291721
686,Main,920.0,1575571879
687,Main,923.0,6305045280
688,Main,925.0,2535179698
689,Main,928.0,2535128603
690,Main,929.0,2087907583
691,Main,934.0,9104616309
692,Secondary,934.0,5624915067
693,Main,935.0,9152082959
694,Secondary,935.0,4931116315
695,Main,936.0,3527415238
696,Secondary,936.0,6513359071
697,Main,937.0,3896855996
698,Main,939.0,5408226941
699,Secondary,939.0,2395634894
700,Main,944.0,7633898242
701,Main,945.0,8637049506
702,Main,948.0,9316180951
703,Main,949.0,5891893819
704,Secondary,949.0,3963489419
705,Main,953.0,5182582885
706,Main,954.0,8123252377
707,Main,955.0,5575777955
708,Main,956.0,5456023443
709,Main,963.0,2171565770
710,Main,965.0,6733586176
711,Main,966.0,3862061757
712,Main,967.0,9975692770
713,Main,968.0,6023399528
714,Main,970.0,5128904513
715,Secondary,970.0,2015887348
716,Main,973.0,9416275206
717,Main,974.0,6054954326
718,Secondary,975.0,5155997950
719,Main,975.0,2781896847
720,Main,977.0,8102863708
721,Main,978.0,3059304156
722,Main,981.0,4152021829
723,Main,982.0,4686517587
724,Main,983.0,2985437477
725,Main,985.0,6057119794
726,Main,986.0,9967401317
727,Main,987.0,5801844953
728,Main,989.0,8296144546
729,Secondary,991.0,7722858449
730,Main,991.0,2025183784
731,Main,992.0,2103684913
732,Secondary,992.0,5997101918
733,Main,993.0,4486242672
734,Main,994.0,6982784632
735,Main,996.0,6822930496
736,Main,999.0,4051790443
737,Secondary,999.0,4872862426
738,Main,1003.0,9078005483
739,Main,1004.0,9097750884
740,Main,1005.0,4198360291
741,Secondary,1005.0,5842025589
742,Main,1008.0,5126298735
743,Main,1009.0,9082883258
744,Main,1010.0,8161576648
745,Main,1011.0,3309439647
746,Secondary,1012.0,5186829375
747,Main,1012.0,8068487218
748,Main,1013.0,2923977247
749,Main,1015.0,4896920073
750,Main,1016.0,2746615983
751,Main,1018.0,4238053802
752,Main,1020.0,6205539766
753,Main,1021.0,8507657012
754,Secondary,1021.0,6363214482
755,Main,1022.0,5168617014
756,Main,1023.0,3653789973
757,Secondary,1024.0,7188532811
758,Main,1024.0,3075777207
759,Main,1027.0,5606034970
760,Main,1030.0,8507015044
761,Main,1031.0,2089448066
762,Main,1033.0,5052066120
763,Main,1035.0,5915990694
764,Main,1039.0,5093434980
765,Secondary,1039.0,2138743146
766,Main,1040.0,6679521769
767,Main,1043.0,2159057421
768,Main,1044.0,4254097291
769,Main,1045.0,8503635628
770,Main,1050.0,9152093426
771,Main,1052.0,8713463672
772,Secondary,1052.0,3766590758
773,Main,1054.0,7049674772
774,Secondary,1054.0,6127689381
775,Main,1055.0,9379583546
776,Secondary,1056.0,7021756113
777,Main,1056.0,3123558518
778,Secondary,1057.0,6171436055
779,Main,1057.0,3858152194
780,Secondary,1058.0,3155035349
781,Main,1058.0,5667979340
782,Main,1060.0,5206800418
783,Secondary,1063.0,8189133607
784,Main,1063.0,6084850053
785,Main,1064.0,5055146604
786,Secondary,1064.0,4611213937
787,Main,1065.0,3907223213
788,Secondary,1065.0,5012209740
789,Main,1070.0,3365870028
790,Main,1072.0,6821688192
791,Main,1073.0,7065632882
792,Main,1074.0,6552686776
793,Main,1076.0,4043018366
794,Secondary,1076.0,5024698811
795,Main,1077.0,9109794733
796,Main,1079.0,7059610355
797,Secondary,1080.0,6234246585
798,Main,1080.0,4129404445
799,Secondary,1081.0,6026156155
800,Main,1081.0,3128489950
801,Main,1082.0,3375845237
802,Secondary,1083.0,8501572713
803,Main,1083.0,5169558767
804,Main,1084.0,8061506643
805,Main,1086.0,2152058038
806,Main,1090.0,5593735399
807,Main,1091.0,4021116673
808,Main,1093.0,2034419709
809,Secondary,1093.0,3981196088
810,Main,1096.0,2027222201
811,Main,1100.0,2136160203
812,Secondary,1100.0,5129671132
813,Secondary,1103.0,4127627659
814,Main,1103.0,8089401126
815,Secondary,1105.0,4435399147
816,Main,1105.0,9411349111
817,Main,1107.0,5371100910
818,Main,1109.0,2177814533
819,Main,1110.0,6506772620
820,Main,1112.0,3854426668
821,Secondary,1113.0,7204638171
822,Main,1113.0,7166261531
823,Main,1114.0,6815472439
824,Main,1118.0,2124979040
825,Main,1119.0,4071708876
826,Main,1120.0,9408452617
827,Main,1121.0,7188182477
828,Main,1123.0,5127882221
829,Main,1124.0,9158036663
830,Main,1126.0,4809576097
831,Main,1127.0,6269176438
832,Main,1128.0,6681223829
833,Main,1129.0,6067065888
834,Main,1130.0,5593534360
835,Main,1132.0,9072054273
836,Secondary,1133.0,3077885093
837,Main,1133.0,2713842300
838,Main,1134.0,1019406231
839,Main,1135.0,4801113260
840,Secondary,1136.0,9185475812
841,Main,1136.0,4733013092
842,Main,1138.0,1272896781
843,Main,1139.0,3093742456
844,Secondary,1142.0,4033769068
845,Main,1142.0,2761834405
846,Main,1147.0,3054320692
847,Main,1149.0,7273369867
848,Main,1150.0,8929224445
849,Main,1151.0,6266726045
850,Secondary,1153.0,5052253303
851,Main,1153.0,9281749162
852,Main,1154.0,5053512787
853,Main,1156.0,6239570219
854,Secondary,1158.0,6011604258
855,Main,1158.0,9854682190
856,Main,1159.0,1209251572
857,Main,1161.0,8628508807
858,Secondary,1163.0,3282054501
859,Main,1163.0,9327690905
860,Secondary,1164.0,8892159271
861,Main,1164.0,1666665957
862,Main,1167.0,8132880453
863,Main,1168.0,6362234848
864,Main,1169.0,9004847050
865,Main,1170.0,2395044584
866,Main,1171.0,6011941749
867,Main,1173.0,9048384905
868,Secondary,1175.0,2022570141
869,Main,1175.0,7853017477
870,Main,1178.0,2536649262
871,Main,1180.0,9191335398
872,Main,1181.0,9278633172
873,Main,1185.0,8066747732
874,Main,1186.0,8902317687
875,Main,1188.0,2016733962
876,Secondary,1189.0,6025260137
877,Main,1189.0,5143168929
878,Secondary,1190.0,9178754005
879,Main,1190.0,5239451237
880,Main,1192.0,4158613083
881,Main,1194.0,8134483873
882,Main,1196.0,2725142167
883,Main,1197.0,9054326598
884,Secondary,1198.0,7208254557
885,Main,1198.0,8546559229
886,Main,1200.0,1917342522
887,Main,1201.0,4337780245
888,Secondary,1202.0,8044894080
889,Main,1202.0,1261241304
890,Main,1206.0,7492756454
891,Main,1211.0,7725493852
892,Main,1212.0,7724833054
893,Main,1213.0,2664771735
894,Main,1214.0,8106072009
895,Main,1215.0,6789997871
896,Secondary,1218.0,9152515401
897,Main,1218.0,8675149380
898,Secondary,1221.0,5417696221
899,Main,1221.0,6404897585
900,Main,1222.0,6526221030
901,Main,1223.0,1687089498
902,Main,1225.0,2127495672
903,Secondary,1226.0,3048093028
904,Main,1226.0,6079182611
905,Main,1228.0,8166918343
906,Secondary,1228.0,9521426761
907,Main,1229.0,7635724812
908,Main,1230.0,9376915851
909,Main,1231.0,2452749835
910,Main,1234.0,2407253981
911,Secondary,1234.0,7379234881
912,Main,1236.0,4024535998
913,Main,1239.0,6561460547
914,Main,1240.0,2669791919
915,Main,1241.0,6126029857
916,Main,1242.0,7133751901
917,Main,1243.0,9479478221
918,Main,1245.0,8018452978
919,Main,1246.0,9808810749
920,Secondary,1246.0,2584134005
921,Main,1247.0,2288044960
922,Main,1248.0,3091677752
923,Secondary,1248.0,3684672140
924,Main,1250.0,3589478689
925,Main,1251.0,5048417165
926,Main,1252.0,2105386324
927,Main,1259.0,9146034659
928,Secondary,1259.0,8133826608
929,Main,1260.0,2286648865
930,Main,1261.0,2625625460
931,Main,1265.0,7023143981
932,Main,1266.0,9121087277
933,Main,1267.0,5152735281
934,Secondary,1267.0,4466572609
935,Secondary,1269.0,4159075187
936,Main,1269.0,2128170206
937,Secondary,1271.0,9183624681
938,Main,1271.0,8655623811
939,Main,1272.0,1433356098
940,Main,1274.0,1212696168
941,Secondary,1275.0,7869372803
942,Main,1275.0,5156247440
943,Main,1276.0,9074262106
944,Secondary,1279.0,4262614787
945,Main,1279.0,8238688891
946,Main,1281.0,9149426108
947,Main,1284.0,7705607323
948,Main,1290.0,7573725961
949,Main,1291.0,4592509944
950,Main,1293.0,4439817818
951,Secondary,1293.0,9558205260
952,Main,1295.0,6191757515
953,Secondary,1295.0,1964998454
954,Main,1296.0,3347361830
955,Secondary,1299.0,9012896356
956,Main,1299.0,1425856658
957,Secondary,1300.0,3301452716
958,Main,1300.0,7741640325
959,Main,1301.0,3305848580
960,Secondary,1302.0,7024883442
961,Main,1302.0,4043905965
962,Secondary,1303.0,5597773740
963,Main,1303.0,3699244858
964,Main,1304.0,8636237961
965,Secondary,1307.0,5022618208
966,Main,1307.0,1943855034
967,Main,1309.0,3305204592
968,Main,1311.0,3007862663
969,Secondary,1312.0,9171491859
970,Main,1312.0,4094377441
971,Secondary,1314.0,8503776206
972,Main,1314.0,5607118031
973,Main,1316.0,7665371289
974,Main,1318.0,7135179015
975,Main,1320.0,3999421201
976,Secondary,1323.0,9044909256
977,Main,1323.0,6156534148
978,Secondary,1325.0,2513591566
979,Main,1325.0,7701329260
980,Main,1326.0,3122819656
981,Secondary,1326.0,1257762326
982,Main,1329.0,6266718670
983,Main,1331.0,4917931562
984,Main,1332.0,4829339607
985,Main,1333.0,1984043920
986,Main,1334.0,9152492720
987,Main,1336.0,7527983154
988,Secondary,1336.0,1697817120
989,Main,1338.0,1073136223
990,Main,1339.0,7446013511
991,Main,1340.0,3488140901
992,Secondary,1340.0,1329645558
993,Main,1344.0,7022185725
994,Main,1345.0,4026464351
995,Secondary,1345.0,9957368956
996,Main,1346.0,6712872136
997,Main,1347.0,4379440707
998,Main,1349.0,5035262628
999,Secondary,1349.0,7122672888
1000,Main,1352.0,6883246073
1001,Main,1353.0,7987243419
1002,Main,1354.0,4089231061
1003,Secondary,1354.0,3029187723
1004,Main,1356.0,6125501206
1005,Main,1357.0,8085799152
1006,Main,1359.0,2058378046
1007,Main,1360.0,7011747348
1008,Secondary,1361.0,3164695265
1009,Main,1361.0,9819211483
1010,Main,1362.0,5104998913
1011,Main,1363.0,7704161796
1012,Secondary,1363.0,4077922426
1013,Main,1364.0,6179450002
1014,Secondary,1364.0,9499544007
1015,Main,1365.0,7193837424
1016,Main,1366.0,8169576513
1017,Secondary,1366.0,1462313559
1018,Main,1368.0,7047534511
1019,Main,1371.0,7571632317
1020,Secondary,1371.0,8604479945
1021,Main,1373.0,4158989282
1022,Main,1377.0,6099043374
1023,Main,1378.0,2135899856
1024,Secondary,1378.0,6012331313
1025,Main,1381.0,9371906019
1026,Main,1382.0,1157305946
1027,Main,1383.0,5413792942
1028,Main,1384.0,8898042962
1029,Main,1385.0,7241240752
1030,Secondary,1385.0,7609260439
1031,Main,1386.0,5121821427
1032,Main,1387.0,2587803827
1033,Main,1388.0,8019300927
1034,Main,1389.0,4488100454
1035,Main,1390.0,2054778281
1036,Main,1391.0,3989921780
1037,Main,1392.0,9185435705
1038,Main,1393.0,4055333554
1039,Secondary,1394.0,8638357105
1040,Main,1394.0,2069600838
1041,Secondary,1395.0,2146602573
1042,Main,1395.0,4665902214
1043,Main,1396.0,3476496563
1044,Secondary,1397.0,6003271085
1045,Main,1397.0,7724908925
1046,Main,1399.0,2698993114
1047,Main,1400.0,8868918827
1048,Main,1401.0,8069857808
1049,Main,1405.0,2612667317
1050,Main,1406.0,6585822083
1051,Secondary,1408.0,9156152528
1052,Main,1408.0,2511966746
1053,Secondary,1409.0,4557331632
1054,Main,1409.0,3194928800
1055,Main,1411.0,8691287636
1056,Main,1412.0,7856811865
1057,Main,1413.0,9654873549
1058,Main,1414.0,7027481030
1059,Secondary,1415.0,5139221602
1060,Main,1415.0,4047654257
1061,Main,1419.0,2053778844
1062,Main,1420.0,9291533870
1063,Main,1421.0,8172885661
1064,Main,1423.0,7046408520
1065,Secondary,1425.0,5013698671
1066,Main,1425.0,8682121670
1067,Main,1428.0,7602542989
1068,Main,1430.0,5742806608
1069,Main,1433.0,9041925219
1070,Main,1434.0,2676655819
1071,Main,1437.0,7409283753
1072,Secondary,1440.0,8161060208
1073,Main,1440.0,4043271924
1074,Main,1441.0,4081430206
1075,Main,1442.0,3041015697
1076,Main,1443.0,5056187176
1077,Main,1444.0,8013262916
1078,Main,1447.0,3032877738
1079,Secondary,1447.0,8034268480
1080,Main,1449.0,9885535512
1081,Secondary,1453.0,6194804965
1082,Main,1453.0,5249292280
1083,Main,1454.0,7549986694
1084,Main,1455.0,9454965093
1085,Main,1458.0,4202631613
1086,Main,1460.0,2883212780
1087,Secondary,1461.0,3176286845
1088,Main,1461.0,5284347055
1089,Main,1462.0,2545447215
1090,Secondary,1463.0,8137047966
1091,Main,1463.0,8683338982
1092,Main,1464.0,2048992185
1093,Main,1465.0,2052288072
1094,Main,1467.0,9012773069
1095,Main,1468.0,3722158105
1096,Main,1469.0,9276720570
1097,Secondary,1472.0,3533064623
1098,Main,1472.0,3946189164
1099,Secondary,1474.0,9145859306
1100,Main,1474.0,4895963652
1101,Main,1476.0,8505818666
1102,Main,1480.0,1798126321
1103,Main,1481.0,8105534486
1104,Main,1482.0,4936019415
1105,Secondary,1483.0,3379957306
1106,Main,1483.0,3303207777
1107,Secondary,1486.0,4808108143
1108,Main,1486.0,7589095554
1109,Main,1487.0,2744410784
1110,Main,1488.0,8313987979
1111,Main,1489.0,8636096779
1112,Main,1490.0,3869924809
1113,Secondary,1491.0,3527726974
1114,Main,1491.0,2764192287
1115,Main,1492.0,3015135987
1116,Secondary,1493.0,5713133728
1117,Main,1493.0,7869078288
1118,Secondary,1494.0,2147837643
1119,Main,1494.0,9702739673
1120,Main,1495.0,4074073032
1121,Secondary,1495.0,3173160233
1122,Main,1497.0,9413685540
1123,Secondary,1497.0,7132702008
1124,Main,1498.0,9018120634
1125,Main,1500.0,3961502364
1126,Main,1501.0,2058720228
1127,Secondary,1501.0,4514803169
1128,Main,1502.0,3977656628
1129,Main,1503.0,6789496117
1130,Secondary,1503.0,9098585367
1131,Main,1506.0,6083880461
1132,Secondary,1506.0,9091895744
1133,Main,1508.0,2882631813
1134,Main,1509.0,2541966234
1135,Main,1513.0,6731755698
1136,Secondary,1513.0,7029855148
1137,Main,1514.0,9521964405
1138,Secondary,1515.0,2409961855
1139,Main,1515.0,2409852278
1140,Main,1516.0,2899885262
1141,Main,1519.0,5138452368
1142,Main,1524.0,2123643083
1143,Secondary,1524.0,6127095488
1144,Main,1525.0,4055669196
1145,Main,1529.0,3125322163
1146,Main,1535.0,5736931647
1147,Main,1536.0,1802102123
1148,Secondary,1536.0,7945066986
1149,Main,1537.0,8109791601
1150,Main,1539.0,4089593099
1151,Main,1540.0,7904636514
1152,Main,1541.0,5151877008
1153,Main,1543.0,7193269468
1154,Secondary,1543.0,8445694301
1155,Main,1545.0,7626348316
1156,Main,1546.0,2037814967
1157,Main,1547.0,8278755285
1158,Main,1550.0,7851979804
1159,Secondary,1550.0,9174695153
1160,Main,1555.0,6707519854
1161,Secondary,1556.0,9722466531
1162,Main,1556.0,5516912849
1163,Main,1557.0,4127840416
1164,Main,1560.0,6121490927
1165,Main,1562.0,2756886411
1166,Main,1563.0,5589461635
1167,Main,1564.0,5401689895
1168,Secondary,1570.0,7854828528
1169,Main,1570.0,4129785819
1170,Secondary,1571.0,9096854330
1171,Main,1571.0,9722767659
1172,Main,1572.0,6823816884
1173,Main,1574.0,4369571088
1174,Main,1575.0,3218908880
1175,Secondary,1575.0,1566730142
1176,Main,1576.0,1688344528
1177,Main,1578.0,8171092663
1178,Main,1579.0,6344592362
1179,Secondary,1579.0,1778850920
1180,Main,1580.0,9163592543
1181,Main,1582.0,5713133452
1182,Main,1583.0,8319753343
1183,Main,1588.0,2815029933
1184,Secondary,1588.0,3179218693
1185,Main,1589.0,4611655457
1186,Main,1590.0,7049754632
1187,Secondary,1590.0,6003060569
1188,Main,1593.0,3371543572
1189,Secondary,1593.0,9824586914
1190,Main,1594.0,9859652080
1191,Secondary,1594.0,9046060956
1192,Main,1595.0,3611707024
1193,Secondary,1595.0,4314071501
1194,Main,1596.0,3234227462
1195,Main,1597.0,6981299384
1196,Main,1598.0,5443604879
1197,Main,1599.0,8717613479
1198,Main,1602.0,9199987361
1199,Main,1604.0,5402583118
1200,Secondary,1604.0,7689197342
1201,Main,1605.0,5361266205
1202,Main,1606.0,5725112353
1203,Main,1607.0,9139409971
1204,Main,1609.0,3168058643
1205,Main,1610.0,5637590756
1206,Main,1614.0,4049137114
1207,Main,1618.0,9034455741
1208,Secondary,1618.0,7124800914
1209,Main,1619.0,4434496431
1210,Main,1621.0,7199353377
1211,Main,1622.0,7594605037
1212,Main,1623.0,9157620596
1213,Main,1624.0,7654495341
1214,Secondary,1625.0,5039334000
1215,Main,1625.0,3718633375
1216,Main,1627.0,7748054911
1217,Secondary,1629.0,3053244274
1218,Main,1629.0,3148340125
1219,Main,1630.0,5842141862
1220,Main,1631.0,4073497699
1221,Main,1632.0,8951460787
1222,Main,1633.0,8067577553
1223,Secondary,1635.0,2148343355
1224,Main,1635.0,7187381499
1225,Main,1637.0,9399267579
1226,Main,1639.0,9108204141
1227,Main,1641.0,8594151351
1228,Secondary,1641.0,8174464848
1229,Main,1642.0,2092397278
1230,Main,1643.0,8595820745
1231,Main,1645.0,9153463791
1232,Secondary,1645.0,6786661870
1233,Secondary,1646.0,7241771554
1234,Main,1646.0,9372543675
1235,Main,1647.0,6098728847
1236,Main,1648.0,2417405210
1237,Main,1651.0,7045458382
1238,Main,1652.0,1988195592
1239,Secondary,1654.0,6572431027
1240,Main,1654.0,7181136346
1241,Main,1655.0,7638639569
1242,Main,1656.0,9204469160
1243,Main,1659.0,4061069133
1244,Main,1662.0,4041929765
1245,Secondary,1663.0,4065426196
1246,Main,1663.0,2827356970
1247,Secondary,1666.0,5745792485
1248,Main,1666.0,4289947935
1249,Secondary,1667.0,2039928607
1250,Main,1667.0,3229856504
1251,Main,1668.0,2106265604
1252,Secondary,1669.0,7135448663
1253,Main,1669.0,8166245555
1254,Main,1671.0,2152763196
1255,Main,1672.0,9136966485
1256,Main,1673.0,4145248559
1257,Main,1674.0,2053586403
1258,Main,1675.0,1644622721
1259,Main,1681.0,2611562975
1260,Main,1682.0,6676075312
1261,Main,1684.0,2139513367
1262,Main,1685.0,8726706539
1263,Secondary,1686.0,4082843980
1264,Main,1686.0,3305280505
1265,Main,1691.0,6381116335
1266,Main,1693.0,5405500969
1267,Secondary,1693.0,5549758751
1268,Main,1694.0,9135860137
1269,Main,1695.0,2022126922
1270,Secondary,1695.0,6674623990
1271,Main,1697.0,2032191209
1272,Main,1699.0,4061240573
1273,Main,1700.0,4235066841
1274,Main,1701.0,8019067525
1275,Main,1703.0,3046160890
1276,Main,1704.0,3309855867
1277,Secondary,1704.0,6156888177
1278,Main,1709.0,9163349626
1279,Main,1710.0,8655166896
1280,Main,1711.0,2127513884
1281,Main,1713.0,2024111018
1282,Secondary,1715.0,6677486746
1283,Main,1715.0,2076499042
1284,Main,1719.0,5579118512
1285,Main,1721.0,7044174096
1286,Secondary,1723.0,7143661311
1287,Main,1723.0,3981034843
1288,Secondary,1725.0,8519862229
1289,Main,1725.0,1663085954
1290,Main,1727.0,9047966441
1291,Secondary,1728.0,3515358636
1292,Main,1728.0,3591884764
1293,Secondary,1730.0,8089567205
1294,Main,1730.0,2152748931
1295,Secondary,1731.0,7144388729
1296,Main,1731.0,5297962864
1297,Main,1734.0,7024759492
1298,Main,1735.0,4054872287
1299,Main,1738.0,8105725874
1300,Main,1744.0,8168315168
1301,Main,1747.0,5126519541
1302,Secondary,1747.0,5157301179
1303,Main,1748.0,2625749294
1304,Main,1750.0,9186832459
1305,Main,1752.0,7949226219
1306,Main,1753.0,6349433213
1307,Main,1756.0,3405315237
1308,Main,1757.0,2538046312
1309,Main,1759.0,7027835575
1310,Main,1762.0,8582851459
1311,Main,1765.0,4172573822
1312,Secondary,1767.0,8131255589
1313,Main,1767.0,6689387784
1314,Main,1769.0,7318561599
1315,Secondary,1773.0,2083715326
1316,Main,1773.0,3242237009
1317,Secondary,1775.0,5584281714
1318,Main,1775.0,5622587690
1319,Secondary,1776.0,8019898327
1320,Main,1776.0,7021363805
1321,Secondary,1777.0,5055222998
1322,Main,1777.0,4943045985
1323,Main,1779.0,3139048326
1324,Main,1780.0,6106665150
1325,Secondary,1781.0,2603300368
1326,Main,1781.0,6127662681
1327,Main,1782.0,2563148772
1328,Main,1783.0,2545758841
1329,Main,1785.0,5028148524
1330,Secondary,1785.0,4746796235
1331,Main,1786.0,1909462845
1332,Main,1788.0,6523646402
1333,Secondary,1792.0,6198480231
1334,Main,1792.0,4135542956
1335,Secondary,1793.0,7137659232
1336,Main,1793.0,6826645530
1337,Main,1794.0,7574036391
1338,Secondary,1796.0,2139410038
1339,Main,1796.0,6417795621
1340,Main,1797.0,3656995009
1341,Main,1799.0,9132329723
1342,Main,1800.0,3407506625
1343,Main,1802.0,6148714058
1344,Secondary,1804.0,8048076096
1345,Main,1804.0,1165637734
1346,Main,1806.0,5058363960
1347,Main,1808.0,9292439340
1348,Secondary,1809.0,2128569901
1349,Main,1809.0,2905687199
1350,Secondary,1810.0,2483380612
1351,Main,1810.0,7271484268
1352,Main,1811.0,2037115755
1353,Secondary,1811.0,7677366598
1354,Main,1813.0,4126954590
1355,Main,1814.0,9774649242
1356,Secondary,1815.0,9169626764
1357,Main,1815.0,9383781346
1358,Secondary,1816.0,2531549782
1359,Main,1816.0,9537904795
1360,Secondary,1817.0,3013663166
1361,Main,1817.0,1487181599
1362,Main,1818.0,4073482701
1363,Secondary,1818.0,6677348198
1364,Main,1819.0,7243144987
1365,Main,1820.0,5624976625
1366,Main,1821.0,8621581525
1367,Secondary,1821.0,5084333356
1368,Main,1822.0,8013777904
1369,Secondary,1822.0,7817842978
1370,Main,1824.0,3304693463
1371,Main,1827.0,9092437254
1372,Main,1830.0,7542380816
1373,Secondary,1830.0,9828045559
1374,Main,1831.0,5864237798
1375,Main,1835.0,6478497996
1376,Main,1836.0,6489192345
1377,Main,1837.0,3446646943
1378,Main,1838.0,9324327865
1379,Main,1840.0,5207642639
1380,Secondary,1840.0,3928781867
1381,Main,1842.0,3157640233
1382,Main,1844.0,1467070043
1383,Main,1845.0,7046366299
1384,Main,1847.0,2082755028
1385,Main,1848.0,2512608763
1386,Secondary,1848.0,2123578157
1387,Secondary,1850.0,7014728999
1388,Main,1850.0,9415483250
1389,Main,1854.0,4357628243
1390,Secondary,1854.0,5905046892
1391,Main,1855.0,2067659390
1392,Secondary,1855.0,3561683196
1393,Main,1856.0,4695566490
1394,Main,1857.0,2022865602
1395,Main,1858.0,7025904977
1396,Main,1864.0,9205087269
1397,Main,1865.0,5104370802
1398,Main,1867.0,2023464155
1399,Main,1868.0,4124319332
1400,Main,1869.0,7048990496
1401,Secondary,1869.0,2677333018
1402,Main,1870.0,9137162252
1403,Main,1871.0,4072892831
1404,Secondary,1871.0,9926768488
1405,Main,1873.0,2106400786
1406,Main,1874.0,4076593607
1407,Secondary,1875.0,2028624137
1408,Main,1875.0,8041506963
1409,Secondary,1876.0,4101120293
1410,Main,1876.0,4021926647
1411,Main,1877.0,2028678230
1412,Secondary,1879.0,2035695283
1413,Main,1879.0,3234054921
1414,Secondary,1880.0,4141185721
1415,Main,1880.0,3978595805
1416,Secondary,1881.0,9192161658
1417,Main,1881.0,8234449646
1418,Main,1882.0,3387971887
1419,Main,1883.0,5408560306
1420,Main,1885.0,2393504991
1421,Secondary,1887.0,4045208581
1422,Main,1887.0,1303214376
1423,Main,1890.0,8134875968
1424,Secondary,1891.0,2064201884
1425,Main,1891.0,3986934275
1426,Main,1892.0,2033345819
1427,Main,1893.0,6027297883
1428,Secondary,1894.0,2081862035
1429,Main,1894.0,2149467549
1430,Main,1895.0,7579805546
1431,Main,1897.0,3373126948
1432,Secondary,1897.0,5092478350
1433,Main,1898.0,2868670773
1434,Secondary,1898.0,3712208666
1435,Main,1899.0,7133485748
1436,Secondary,1901.0,8313935957
1437,Main,1901.0,2065070283
1438,Main,1902.0,9519346469
1439,Main,1906.0,7184497249
1440,Main,1907.0,9842765125
1441,Main,1909.0,7965874659
1442,Main,1911.0,9368632748
1443,Main,1914.0,4225003185
1444,Main,1915.0,3304838069
1445,Secondary,1918.0,5361279292
1446,Main,1918.0,7222664236
1447,Main,1919.0,3187330116
1448,Secondary,1921.0,5839109146
1449,Main,1921.0,6428438098
1450,Main,1928.0,7758072522
1451,Main,1929.0,5755306036
1452,Main,1930.0,8302606775
1453,Main,1932.0,2087320527
1454,Main,1934.0,7201328903
1455,Main,1936.0,8061935593
1456,Main,1939.0,9189411213
1457,Main,1942.0,9098463538
1458,Main,1943.0,7272495907
1459,Main,1944.0,2157337141
1460,Main,1949.0,8068556920
1461,Main,1952.0,9225698720
1462,Main,1953.0,7932558831
1463,Main,1957.0,9154544109
1464,Main,1959.0,5011535469
1465,Main,1961.0,4975259991
1466,Main,1962.0,8121108217
1467,Main,1963.0,1459079845
1468,Main,1968.0,9364176653
1469,Main,1969.0,2372771972
1470,Secondary,1972.0,8056324269
1471,Main,1972.0,1634807158
1472,Main,1976.0,1429987638
1473,Main,1979.0,8822443241
1474,Secondary,1981.0,2519592723
1475,Main,1981.0,6262696748
1476,Secondary,1984.0,8285365277
1477,Main,1984.0,5802333959
1478,Secondary,1985.0,7725116061
1479,Main,1985.0,1485614861
1480,Main,1986.0,5425738189
1481,Secondary,1986.0,3801644288
1482,Main,1987.0,3104231621
1483,Main,1988.0,5109053643
1484,Secondary,1988.0,2027810898
1485,Main,1989.0,8955031662
1486,Main,1991.0,3738581462
1487,Main,1992.0,9339800795
1488,Main,1993.0,2109430818
1489,Main,1995.0,3047897709
1490,Secondary,1995.0,7298827448
1491,Main,1996.0,3306343030
1492,Main,1998.0,8135804789
1493,Main,1999.0,2027944386
1494,Main,2001.0,7033309309
1495,Main,2002.0,2397449223
1496,Main,2003.0,9346948245
1497,Main,2004.0,4935344413
1498,Secondary,2007.0,5295696746
1499,Main,2007.0,8732767879
1500,Main,2009.0,3044216396
1501,Main,2012.0,2455239117
1502,Main,2013.0,5705047124
1503,Main,2014.0,3932619050
1504,Secondary,2015.0,3344280847
1505,Main,2015.0,9754677123
1506,Main,2016.0,2146793370
1507,Main,2019.0,8173645460
1508,Secondary,2019.0,3869974622
1509,Main,2021.0,9169795460
1510,Main,2024.0,8166234454
1511,Secondary,2024.0,3198420046
1512,Main,2025.0,7549457786
1513,Main,2026.0,1566776462
1514,Main,2027.0,7142302726
1515,Secondary,2027.0,9891854336
1516,Main,2028.0,4086479480
1517,Secondary,2028.0,7967638428
1518,Main,2029.0,3028150942
1519,Main,2030.0,6156232424
1520,Main,2033.0,7862885313
1521,Main,2034.0,4192434745
1522,Secondary,2034.0,5712475813
1523,Main,2035.0,2123998253
1524,Main,2037.0,7173112026
1525,Secondary,2037.0,1853626460
1526,Main,2040.0,7392315677
1527,Secondary,2040.0,1504165103
1528,Main,2041.0,6195811250
1529,Secondary,2041.0,8715718953
1530,Main,2044.0,7866263391
1531,Secondary,2044.0,2779066659
1532,Main,2045.0,8473694635
1533,Main,2048.0,1778629200
1534,Main,2049.0,2025121442
1535,Main,2050.0,8884205309
1536,Main,2054.0,6176776123
1537,Secondary,2054.0,8089843019
1538,Main,2057.0,5409178771
1539,Secondary,2059.0,5991590015
1540,Main,2059.0,6729738984
1541,Main,2062.0,5203505569
1542,Main,2063.0,6486043939
1543,Secondary,2064.0,3148826324
1544,Main,2064.0,5404140019
1545,Main,2066.0,7703214811
1546,Secondary,2066.0,6177019828
1547,Main,2067.0,7668798972
1548,Main,2069.0,2815697438
1549,Main,2070.0,8475813847
1550,Secondary,2070.0,9262627370
1551,Main,2071.0,8015792466
1552,Main,2072.0,3626268375
1553,Main,2073.0,3274241795
1554,Secondary,2073.0,9018240889
1555,Main,2074.0,4126396790
1556,Secondary,2074.0,1522591947
1557,Main,2075.0,9921894418
1558,Main,2076.0,9167444625
1559,Main,2077.0,8187594590
1560,Main,2079.0,7802936575
1561,Main,2082.0,5685017815
1562,Main,2085.0,3155864176
1563,Main,2086.0,6023805620
1564,Secondary,2086.0,5823220692
1565,Main,2087.0,5101053662
1566,Main,2089.0,6466123456
1567,Secondary,2089.0,8591757500
1568,Main,2090.0,5975642219
1569,Secondary,2090.0,3857293382
1570,Main,2093.0,2025767783
1571,Main,2094.0,4051517232
1572,Secondary,2094.0,6097494601
1573,Main,2096.0,7189684930
1574,Main,2098.0,3854708515
1575,Main,2101.0,6026487679
1576,Main,2102.0,9136117736
1577,Secondary,2102.0,5409139227
1578,Main,2106.0,2126536796
1579,Main,2107.0,5161379004
1580,Main,2108.0,8083341768
1581,Main,2109.0,7345894627
1582,Main,2110.0,9041182587
1583,Secondary,2110.0,2021033175
1584,Main,2111.0,7702031157
1585,Main,2114.0,2609389907
1586,Main,2115.0,7869574826
1587,Secondary,2115.0,5644286488
1588,Main,2117.0,5205915104
1589,Main,2118.0,4014466648
1590,Secondary,2118.0,9981339592
1591,Main,2119.0,1347441981
1592,Secondary,2119.0,9619289782
1593,Secondary,2120.0,3609084374
1594,Main,2120.0,3747421568
1595,Main,2125.0,3528623729
1596,Secondary,2128.0,3252687848
1597,Main,2128.0,9173618263
1598,Secondary,2133.0,5598085965
1599,Main,2133.0,1569202483
1600,Main,2134.0,2061322214
1601,Secondary,2135.0,4805286529
1602,Main,2135.0,6015665425
1603,Secondary,2137.0,4897774345
1604,Main,2137.0,4352986362
1605,Main,2138.0,9817666738
1606,Main,2140.0,2266977193
1607,Main,2141.0,4012986574
1608,Main,2144.0,8813494088
1609,Secondary,2145.0,2258774807
1610,Main,2145.0,2128611082
1611,Secondary,2147.0,5623977258
1612,Main,2147.0,6196340838
1613,Main,2148.0,5635599286
1614,Main,2149.0,3628581065
1615,Main,2150.0,5548131032
1616,Main,2152.0,1843789344
1617,Main,2153.0,8604716157
1618,Secondary,2153.0,9771858442
1619,Main,2155.0,7311111831
1620,Main,2156.0,6667129407
1621,Main,2157.0,2088164488
1622,Main,2158.0,3978167792
1623,Main,2160.0,5853771350
1624,Main,2161.0,5026838577
1625,Secondary,2161.0,3017761872
1626,Main,2162.0,3617484549
1627,Secondary,2162.0,5655979827
1628,Main,2163.0,4025513068
1629,Secondary,2163.0,3632980139
1630,Main,2164.0,7898953251
1631,Main,2167.0,2818733425
1632,Main,2169.0,9099046700
1633,Main,2170.0,4475927205
1634,Main,2172.0,7025130696
1635,Secondary,2172.0,1014768316
1636,Main,2173.0,9075483134
1637,Secondary,2173.0,9403569778
1638,Main,2175.0,8183294479
1639,Secondary,2175.0,2658579111
1640,Main,2183.0,5401907271
1641,Secondary,2183.0,7798859985
1642,Secondary,2184.0,9736592573
1643,Main,2184.0,1118148817
1644,Main,2185.0,6397158801
1645,Main,2187.0,2636829753
1646,Main,2188.0,3349548970
1647,Main,2190.0,2532423998
1648,Secondary,2191.0,2027484481
1649,Main,2191.0,4052723205
1650,Main,2192.0,2819197380
1651,Main,2193.0,9862040566
1652,Main,2194.0,7869596572
1653,Main,2196.0,3156558060
1654,Secondary,2198.0,8188594577
1655,Main,2198.0,3091268365
1656,Secondary,2200.0,3038722843
1657,Main,2200.0,6993953234
1658,Secondary,2201.0,7571621073
1659,Main,2201.0,3026137322
1660,Main,2202.0,7191410843
1661,Secondary,2203.0,2054630797
1662,Main,2203.0,5323697646
1663,Main,2204.0,3053850491
1664,Secondary,2204.0,2899014015
1665,Main,2205.0,9178550129
1666,Secondary,2205.0,1181142053
1667,Main,2206.0,7276606268
1668,Main,2207.0,3613844005
1669,Main,2208.0,7381306777
1670,Secondary,2208.0,5116080741
1671,Main,2209.0,3027879315
1672,Main,2211.0,8125272050
1673,Main,2216.0,2185941033
1674,Main,2218.0,8069951264
1675,Secondary,2218.0,2697841392
1676,Main,2219.0,3929647337
1677,Main,2224.0,8053227096
1678,Secondary,2224.0,3875581047
1679,Main,2228.0,9125595166
1680,Secondary,2228.0,7695018062
1681,Main,2230.0,2536475306
1682,Main,2231.0,2372849261
1683,Main,2233.0,9734186002
1684,Main,2235.0,5621676195
1685,Main,2236.0,5095976804
1686,Main,2238.0,4044024516
1687,Secondary,2238.0,5093942606
1688,Main,2239.0,4045543725
1689,Main,2240.0,8043799393
1690,Main,2241.0,2101429033
1691,Secondary,2241.0,6851959014
1692,Main,2242.0,7206507413
1693,Main,2244.0,2093848084
1694,Main,2248.0,4023173039
1695,Secondary,2248.0,8093342802
1696,Secondary,2253.0,7124540246
1697,Main,2253.0,2939781146
1698,Main,2256.0,7026954122
1699,Secondary,2256.0,8577345867
1700,Main,2258.0,3255677162
1701,Main,2263.0,4801209118
1702,Main,2264.0,4807913388
1703,Main,2267.0,4064065012
1704,Secondary,2267.0,6015938680
1705,Main,2269.0,3471969403
1706,Main,2270.0,9879676491
1707,Main,2272.0,9146105347
1708,Secondary,2272.0,5453644183
1709,Main,2274.0,8123142720
1710,Secondary,2274.0,5547612558
1711,Main,2277.0,2436081324
1712,Main,2280.0,3524385190
1713,Secondary,2280.0,3916339469
1714,Main,2282.0,8468281167
1715,Main,2285.0,9179397825
1716,Main,2286.0,3232341237
1717,Main,2287.0,3527081895
1718,Main,2288.0,6345949168
1719,Main,2289.0,6074694946
1720,Main,2291.0,4159705228
1721,Main,2293.0,4461531203
1722,Secondary,2293.0,4104553123
1723,Main,2297.0,9193159375
1724,Main,2300.0,6199867136
1725,Secondary,2300.0,8124689869
1726,Main,2301.0,9251861132
1727,Secondary,2301.0,1107455524
1728,Main,2302.0,9928649191
1729,Main,2303.0,5594208983
1730,Secondary,2303.0,6519243101
1731,Main,2304.0,1659308893
1732,Main,2305.0,3363736877
1733,Main,2306.0,9899668206
1734,Secondary,2306.0,4202417514
1735,Main,2307.0,6344837091
1736,Main,2309.0,6056322909
1737,Main,2311.0,9165015000
1738,Main,2312.0,4027147107
1739,Secondary,2313.0,2023535195
1740,Main,2313.0,8223359708
1741,Main,2314.0,2128728202
1742,Secondary,2314.0,6433991387
1743,Main,2315.0,6753338310
1744,Secondary,2315.0,1746035489
1745,Secondary,2316.0,6903786191
1746,Main,2316.0,6353425813
1747,Main,2317.0,2094083420
1748,Main,2319.0,3082007490
1749,Main,2320.0,5203767104
1750,Secondary,2320.0,1694699210
1751,Main,2323.0,8334104071
1752,Secondary,2323.0,5672172531
1753,Main,2324.0,2187383687
1754,Secondary,2324.0,5005138693
1755,Main,2325.0,1521681048
1756,Main,2327.0,6173030846
1757,Secondary,2328.0,5403785471
1758,Main,2328.0,3183995874
1759,Secondary,2329.0,6159021498
1760,Main,2329.0,5947856651
1761,Secondary,2330.0,4845512519
1762,Main,2330.0,3693852575
1763,Main,2332.0,3803274684
1764,Main,2333.0,6936878450
1765,Secondary,2336.0,7289501443
1766,Main,2336.0,9475142405
1767,Main,2339.0,5685525022
1768,Secondary,2340.0,5618065761
1769,Main,2340.0,5714266230
1770,Secondary,2341.0,1333485482
1771,Main,2341.0,7117394269
1772,Secondary,2342.0,5126342745
1773,Main,2342.0,3783056798
1774,Secondary,2343.0,7024182685
1775,Main,2343.0,4255714865
1776,Main,2348.0,6951566129
1777,Main,2351.0,2806915584
1778,Secondary,2354.0,6026850932
1779,Main,2354.0,2591527041
1780,Main,2356.0,4269883472
1781,Main,2357.0,8971103563
1782,Main,2358.0,3223488460
1783,Main,2359.0,8644395849
1784,Secondary,2359.0,1553381987
1785,Main,2361.0,7176557794
1786,Secondary,2361.0,2818107366
1787,Main,2362.0,9419321677
1788,Main,2364.0,8925414181
1789,Main,2367.0,8164536233
1790,Main,2370.0,5974410448
1791,Main,2375.0,8886414201
1792,Main,2376.0,2165568585
1793,Secondary,2376.0,6176708232
1794,Main,2377.0,4237951557
1795,Secondary,2377.0,1496177912
1796,Main,2378.0,4341022830
1797,Main,2380.0,9498949670
1798,Main,2381.0,3147249769
1799,Secondary,2381.0,9655807476
1800,Secondary,2383.0,9163425824
1801,Main,2383.0,1041089582
1802,Main,2384.0,7891010312
1803,Main,2385.0,8423243960
1804,Main,2388.0,4585503230
1805,Main,2389.0,1588272626
1806,Secondary,2390.0,5106723429
1807,Main,2390.0,4178789920
1808,Main,2393.0,1568311295
1809,Secondary,2393.0,5602769705
1810,Main,2394.0,5105119978
1811,Main,2396.0,4255460299
1812,Main,2397.0,7946338246
1813,Main,2398.0,2151068350
1814,Main,2399.0,7868538943
1815,Main,2400.0,2534403904
1816,Secondary,2400.0,9756580918
1817,Main,2401.0,7595440939
1818,Main,2402.0,6085187175
1819,Main,2405.0,8063420170
1820,Secondary,2405.0,9515827671
1821,Main,2406.0,7851101559
1822,Secondary,2406.0,9018757205
1823,Main,2417.0,8123980551
1824,Main,2420.0,5172801824
1825,Main,2421.0,9631935354
1826,Secondary,2421.0,9586930776
1827,Main,2423.0,3141862069
1828,Main,2424.0,8171203730
1829,Main,2426.0,4243051044
1830,Main,2427.0,1331502900
1831,Secondary,2427.0,4118762204
1832,Main,2431.0,9721651907
1833,Main,2433.0,8169230324
1834,Secondary,2433.0,6903798333
1835,Secondary,2434.0,7442864454
1836,Main,2434.0,4991260225
1837,Main,2435.0,4701437838
1838,Main,2437.0,7018250162
1839,Secondary,2439.0,8597977365
1840,Main,2439.0,7704236018
1841,Secondary,2440.0,7776379117
1842,Main,2440.0,4209818512
1843,Main,2441.0,6622578109
1844,Branch,,2148914189
1845,Branch,,5855618032
1846,Branch,,9123723258
1847,Branch,,2542002175
1848,Branch,,6185850895
1849,Branch,,2541382564
1850,Branch,,8312850013
1851,Branch,,2005985596
1852,Branch,,3862793856
1853,Branch,,1221617677
1854,Branch,,5053211521
1855,Branch,,4055938815
1856,Branch,,2019622023
1857,Branch,,6104497314
1858,Branch,,4824151019
1859,Branch,,5803556715
1860,Branch,,5888939751
1861,Branch,,3338274492
1862,Branch,,9305844866
1863,Branch,,1825075470
1864,Branch,,8834530331
1865,Branch,,2563799649
1866,Branch,,8133672812
1867,Branch,,4022778309
1868,Branch,,5187684832
1869,Branch,,3117562434
